"first_name","last_name","email","password"
"Alvy","Crocetti","acrocetti0@marriott.com","fV7xNZ"
"Sonny","Gouck","sgouck1@shutterfly.com","Iv93Rn0WGD5"
"Lynda","Sylvaine","lsylvaine2@ow.ly","xz0kWtoLA"
"Rick","D'Orsay","rdorsay3@list-manage.com","SFczoaSTx"
"Currey","Gumley","cgumley4@wordpress.com","aZGaPeqh"
"doe","joe","johndoe@gmail.com","password"
"doe","joe","johndoe@gmail.com","password"
"doe","joe","johndoe@gmail.com","password"
"doe","joe","johndoe@gmail.com","password"
"doe","joe","johndoe@gmail.com","password"
"doe","joe","johndoe@gmail.com","password"
"doe","joe","johndoe@gmail.com","password"
"john the baptist and silas","king","michy@gmail.com","363cc7e5eaea52e6ca4f7f325614e94457886d709d9ffd7f00f7f14426294a1bdffe840e96a1e6117cf672001e2c082038902c955da02150742a034843d9885f.ac15b3a2d7796569"
"michael","king","michy@gmail.com","b19a3b7e5f330f6006828badacf6640467fdce838bb8eaf82f1949c08a8a971f4bf1cf83ff7af6ee0f9a2bba167a788688c93cad92ecbd20a39ed092bced5296.638d2a1cb1b3ee0e""d2a1cb1b3ee0e"